{
    "_target": [
        0.0,
        0.0,
        -43.0
    ],
    "_radius": 1072.7483395466058,
    "_elevation": 45.64204843862191,
    "camera_type": "perspective",
    "render_height": 540,
    "render_width": 960,
    "fps": 24,
    "camera_path": [
        {
            "camera_to_world": [
                0.0,
                -0.7149859587050682,
                0.6991388122930915,
                750.0,
                1.0,
                0.0,
                -0.0,
                0.0,
                -0.0,
                0.6991388122930915,
                0.7149859587050682,
                724.0,
                0.0,
                0.0,
                0.0,
                1.0
            ],
            "fov": 20.0,
            "aspect": 1
        },
        {
            "camera_to_world": [
                0.25881904510252074,
                -0.6906234029472746,
                0.6753162349549622,
                724.4443697168014,
                0.9659258262890682,
                0.1850519830937561,
                -0.18095043979180844,
                -194.1142838268906,
                -0.0,
                0.6991388122930915,
                0.7149859587050681,
                724.0,
                0.0,
                0.0,
                0.0,
                1.0
            ],
            "fov": 20.0,
            "aspect": 1
        },
        {
            "camera_to_world": [
                0.49999999999999994,
                -0.6191960035877607,
                0.6054719722174974,
                649.519052838329,
                0.8660254037844386,
                0.3574929793525341,
                -0.3495694061465457,
                -374.99999999999994,
                -0.0,
                0.6991388122930914,
                0.7149859587050682,
                724.0,
                0.0,
                0.0,
                0.0,
                1.0
            ],
            "fov": 20.0,
            "aspect": 1
        },
        {
            "camera_to_world": [
                0.7071067811865475,
                -0.5055714198535186,
                0.4943657951631538,
                530.3300858899108,
                0.7071067811865476,
                0.5055714198535185,
                -0.4943657951631537,
                -530.3300858899107,
                -0.0,
                0.6991388122930916,
                0.7149859587050681,
                724.0,
                0.0,
                0.0,
                0.0,
                1.0
            ],
            "fov": 20.0,
            "aspect": 1
        },
        {
            "camera_to_world": [
                0.8660254037844386,
                -0.35749297935253427,
                0.34956940614654586,
                375.0000000000001,
                0.5000000000000002,
                0.6191960035877606,
                -0.6054719722174973,
                -649.5190528383289,
                -0.0,
                0.6991388122930915,
                0.7149859587050682,
                724.0,
                0.0,
                0.0,
                0.0,
                1.0
            ],
            "fov": 20.0,
            "aspect": 1
        },
        {
            "camera_to_world": [
                0.9659258262890682,
                -0.1850519830937561,
                0.18095043979180844,
                194.1142838268906,
                0.25881904510252074,
                0.6906234029472746,
                -0.6753162349549622,
                -724.4443697168014,
                -0.0,
                0.6991388122930915,
                0.7149859587050681,
                724.0,
                0.0,
                0.0,
                0.0,
                1.0
            ],
            "fov": 20.0,
            "aspect": 1
        },
        {
            "camera_to_world": [
                1.0,
                -4.3780263288173174e-17,
                4.2809905431720836e-17,
                4.592425496802575e-14,
                6.123233995736766e-17,
                0.7149859587050682,
                -0.6991388122930915,
                -750.0,
                -0.0,
                0.6991388122930915,
                0.7149859587050682,
                724.0,
                0.0,
                0.0,
                0.0,
                1.0
            ],
            "fov": 20.0,
            "aspect": 1
        },
        {
            "camera_to_world": [
                0.9659258262890684,
                0.18505198309375598,
                -0.18095043979180836,
                -194.11428382689053,
                -0.25881904510252063,
                0.6906234029472746,
                -0.6753162349549623,
                -724.4443697168015,
                0.0,
                0.6991388122930916,
                0.7149859587050681,
                724.0,
                0.0,
                0.0,
                0.0,
                1.0
            ],
            "fov": 20.0,
            "aspect": 1
        },
        {
            "camera_to_world": [
                0.8660254037844387,
                0.357492979352534,
                -0.3495694061465455,
                -374.9999999999998,
                -0.4999999999999998,
                0.6191960035877608,
                -0.6054719722174974,
                -649.519052838329,
                0.0,
                0.6991388122930914,
                0.7149859587050682,
                724.0,
                0.0,
                0.0,
                0.0,
                1.0
            ],
            "fov": 20.0,
            "aspect": 1
        },
        {
            "camera_to_world": [
                0.7071067811865477,
                0.5055714198535184,
                -0.4943657951631537,
                -530.3300858899106,
                -0.7071067811865474,
                0.5055714198535187,
                -0.49436579516315393,
                -530.3300858899108,
                0.0,
                0.6991388122930915,
                0.7149859587050682,
                724.0,
                0.0,
                0.0,
                0.0,
                1.0
            ],
            "fov": 20.0,
            "aspect": 1
        },
        {
            "camera_to_world": [
                0.49999999999999994,
                0.6191960035877607,
                -0.6054719722174974,
                -649.519052838329,
                -0.8660254037844386,
                0.3574929793525341,
                -0.3495694061465457,
                -374.99999999999994,
                0.0,
                0.6991388122930914,
                0.7149859587050682,
                724.0,
                0.0,
                0.0,
                0.0,
                1.0
            ],
            "fov": 20.0,
            "aspect": 1
        },
        {
            "camera_to_world": [
                0.2588190451025209,
                0.6906234029472745,
                -0.6753162349549622,
                -724.4443697168014,
                -0.9659258262890682,
                0.18505198309375617,
                -0.18095043979180855,
                -194.11428382689076,
                0.0,
                0.6991388122930915,
                0.7149859587050681,
                724.0,
                0.0,
                0.0,
                0.0,
                1.0
            ],
            "fov": 20.0,
            "aspect": 1
        },
        {
            "camera_to_world": [
                1.2246467991473532e-16,
                0.7149859587050682,
                -0.6991388122930915,
                -750.0,
                -1.0,
                8.756052657634635e-17,
                -8.561981086344167e-17,
                -9.18485099360515e-14,
                0.0,
                0.6991388122930915,
                0.7149859587050682,
                724.0,
                0.0,
                0.0,
                0.0,
                1.0
            ],