{
    "_target": [
        -93.87,
        -65.01,
        -35.0
    ],
    "_radius": 1067.0431106567344,
    "_elevation": 45.3417202792554,
    "camera_type": "perspective",
    "render_height": 540,
    "render_width": 960,
    "fps": 24,
    "camera_path": [
        {
            "camera_to_world": [
                0.0,
                -0.7113114666312379,
                0.7028769433114999,
                656.13,
                1.0,
                0.0,
                -0.0,
                -65.01,
                -0.0,
                0.7028769433114999,
                0.7113114666312379,
                724.0,
                0.0,
                0.0,
                0.0,
                1.0
            ],
            "fov": 20.0,
            "aspect": 1
        },
        {
            "camera_to_world": [
                0.2588190451025208,
                -0.6870741161546675,
                0.6789269922476951,
                630.5743697168012,
                0.9659258262890683,
                0.18410095456397058,
                -0.18191793929246103,
                -259.1242838268906,
                -0.0,
                0.7028769433114999,
                0.7113114666312379,
                724.0,
                0.0,
                0.0,
                0.0,
                1.0
            ],
            "fov": 20.0,
            "aspect": 1
        },
        {
            "camera_to_world": [
                0.49999999999999994,
                -0.6160138001058192,
                0.6087092886421136,
                555.6490528383289,
                0.8660254037844387,
                0.35565573331561895,
                -0.3514384716557498,
                -440.0099999999999,
                -0.0,
                0.7028769433114999,
                0.7113114666312379,
                724.0,
                0.0,
                0.0,
                0.0,
                1.0
            ],
            "fov": 20.0,
            "aspect": 1
        },
        {
            "camera_to_world": [
                0.7071067811865476,
                -0.5029731615906969,
                0.4970090529552342,
                436.4600858899107,
                0.7071067811865476,
                0.5029731615906969,
                -0.4970090529552342,
                -595.3400858899107,
                -0.0,
                0.7028769433115,
                0.7113114666312379,
                724.0,
                0.0,
                0.0,
                0.0,
                1.0
            ],
            "fov": 20.0,
            "aspect": 1
        },
        {
            "camera_to_world": [
                0.8660254037844386,
                -0.355655733315619,
                0.35143847165575,
                281.13000000000005,
                0.5000000000000001,
                0.6160138001058191,
                -0.6087092886421136,
                -714.5290528383289,
                -0.0,
                0.7028769433114999,
                0.7113114666312379,
                724.0,
                0.0,
                0.0,
                0.0,
                1.0
            ],
            "fov": 20.0,
            "aspect": 1
        },
        {
            "camera_to_world": [
                0.9659258262890683,
                -0.18410095456397058,
                0.18191793929246103,
                100.24428382689058,
                0.2588190451025208,
                0.6870741161546675,
                -0.6789269922476951,
                -789.4543697168012,
                -0.0,
                0.7028769433114999,
                0.7113114666312379,
                724.0,
                0.0,
                0.0,
                0.0,
                1.0
            ],
            "fov": 20.0,
            "aspect": 1
        },
        {
            "camera_to_world": [
                1.0,
                -4.043337563821512e-17,
                3.995392849626e-17,
                -93.86999999999996,
                5.684341886080802e-17,
                0.7113114666312379,
                -0.7028769433114999,
                -815.01,
                -0.0,
                0.7028769433114999,
                0.7113114666312379,
                724.0,
                0.0,
                0.0,
                0.0,
                1.0
            ],
            "fov": 20.0,
            "aspect": 1
        },
        {
            "camera_to_world": [
                0.9659258262890683,
                0.1841009545639705,
                -0.18191793929246095,
                -287.98428382689053,
                -0.2588190451025207,
                0.6870741161546675,
                -0.6789269922476951,
                -789.4543697168014,
                0.0,
                0.7028769433115,
                0.7113114666312378,
                724.0,
                0.0,
                0.0,
                0.0,
                1.0
            ],
            "fov": 20.0,
            "aspect": 1
        },
        {
            "camera_to_world": [
                0.8660254037844388,
                0.3556557333156188,
                -0.3514384716557497,
                -468.8699999999997,
                -0.4999999999999998,
                0.6160138001058192,
                -0.6087092886421137,
                -714.529052838329,
                0.0,
                0.7028769433114997,
                0.7113114666312379,
                724.0,
                0.0,
                0.0,
                0.0,
                1.0
            ],
            "fov": 20.0,
            "aspect": 1
        },
        {
            "camera_to_world": [
                0.7071067811865477,
                0.5029731615906968,
                -0.4970090529552341,
                -624.2000858899106,
                -0.7071067811865476,
                0.5029731615906969,
                -0.4970090529552342,
                -595.3400858899107,
                0.0,
                0.7028769433115,
                0.7113114666312379,
                724.0,
                0.0,
                0.0,
                0.0,
                1.0
            ],
            "fov": 20.0,
            "aspect": 1
        },
        {
            "camera_to_world": [
                0.49999999999999994,
                0.6160138001058192,
                -0.6087092886421136,
                -743.3890528383289,
                -0.8660254037844387,
                0.35565573331561895,
                -0.3514384716557498,
                -440.0099999999999,
                0.0,
                0.7028769433114999,
                0.7113114666312379,
                724.0,
                0.0,
                0.0,
                0.0,
                1.0
            ],
            "fov": 20.0,
            "aspect": 1
        },
        {
            "camera_to_world": [
                0.25881904510252096,
                0.6870741161546674,
                -0.6789269922476951,
                -818.3143697168013,
                -0.9659258262890682,
                0.1841009545639707,
                -0.1819179392924612,
                -259.12428382689075,
                0.0,
                0.7028769433115,
                0.7113114666312379,
                724.0,
                0.0,
                0.0,
                0.0,
                1.0
            ],
            "fov": 20.0,
            "aspect": 1
        },
        {
            "camera_to_world": [
                1.1368683772161603e-16,
                0.7113114666312379,
                -0.7028769433114999,
                -843.87,
                -1.0,
                8.086675127643024e-17,
                -7.990785699252e-17,
                -65.01000000000009,
                0.0,
                0.7028769433114999,
                0.7113114666312379,
                724.0,
                0.0,
                0.0,
                0.0,
                1.0
            ],