{
    "_target": [
        0.0,
        0.0,
        -35.0
    ],
    "_radius": 1067.0431106567344,
    "_elevation": 45.3417202792554,
    "camera_type": "perspective",
    "render_height": 540,
    "render_width": 960,
    "fps": 24,
    "camera_path": [
        {
            "camera_to_world": [
                0.0,
                -0.7113114666312379,
                0.7028769433114999,
                750.0,
                1.0,
                0.0,
                -0.0,
                0.0,
                -0.0,
                0.7028769433114999,
                0.7113114666312379,
                724.0,
                0.0,
                0.0,
                0.0,
                1.0
            ],
            "fov": 20.0,
            "aspect": 1
        },
        {
            "camera_to_world": [
                0.2588190451025207,
                -0.6870741161546675,
                0.6789269922476951,
                724.4443697168012,
                0.9659258262890683,
                0.1841009545639705,
                -0.18191793929246097,
                -194.11428382689053,
                -0.0,
                0.7028769433114999,
                0.7113114666312379,
                724.0,
                0.0,
                0.0,
                0.0,
                1.0
            ],
            "fov": 20.0,
            "aspect": 1
        },
        {
            "camera_to_world": [
                0.49999999999999983,
                -0.6160138001058191,
                0.6087092886421137,
                649.519052838329,
                0.8660254037844387,
                0.35565573331561884,
                -0.3514384716557498,
                -374.9999999999999,
                -0.0,
                0.7028769433114999,
                0.7113114666312379,
                724.0,
                0.0,
                0.0,
                0.0,
                1.0
            ],
            "fov": 20.0,
            "aspect": 1
        },
        {
            "camera_to_world": [
                0.7071067811865476,
                -0.5029731615906969,
                0.4970090529552342,
                530.3300858899107,
                0.7071067811865477,
                0.5029731615906968,
                -0.4970090529552341,
                -530.3300858899106,
                -0.0,
                0.7028769433115,
                0.7113114666312379,
                724.0,
                0.0,
                0.0,
                0.0,
                1.0
            ],
            "fov": 20.0,
            "aspect": 1
        },
        {
            "camera_to_world": [
                0.8660254037844386,
                -0.355655733315619,
                0.35143847165575,
                375.00000000000006,
                0.5000000000000001,
                0.6160138001058191,
                -0.6087092886421136,
                -649.5190528383289,
                -0.0,
                0.7028769433114999,
                0.7113114666312379,
                724.0,
                0.0,
                0.0,
                0.0,
                1.0
            ],
            "fov": 20.0,
            "aspect": 1
        },
        {
            "camera_to_world": [
                0.9659258262890683,
                -0.1841009545639705,
                0.18191793929246097,
                194.11428382689053,
                0.2588190451025207,
                0.6870741161546675,
                -0.6789269922476951,
                -724.4443697168012,
                -0.0,
                0.7028769433114999,
                0.7113114666312379,
                724.0,
                0.0,
                0.0,
                0.0,
                1.0
            ],
            "fov": 20.0,
            "aspect": 1
        },
        {
            "camera_to_world": [
                1.0,
                -4.355526554033774e-17,
                4.3038799941045195e-17,
                4.592425496802574e-14,
                6.123233995736766e-17,
                0.7113114666312379,
                -0.7028769433114999,
                -750.0,
                -0.0,
                0.7028769433114999,
                0.7113114666312379,
                724.0,
                0.0,
                0.0,
                0.0,
                1.0
            ],
            "fov": 20.0,
            "aspect": 1
        },
        {
            "camera_to_world": [
                0.9659258262890683,
                0.18410095456397046,
                -0.18191793929246092,
                -194.11428382689047,
                -0.25881904510252063,
                0.6870741161546675,
                -0.6789269922476951,
                -724.4443697168012,
                0.0,
                0.7028769433114999,
                0.7113114666312379,
                724.0,
                0.0,
                0.0,
                0.0,
                1.0
            ],
            "fov": 20.0,
            "aspect": 1
        },
        {
            "camera_to_world": [
                0.8660254037844387,
                0.35565573331561884,
                -0.3514384716557498,
                -374.99999999999983,
                -0.49999999999999983,
                0.6160138001058191,
                -0.6087092886421137,
                -649.519052838329,
                0.0,
                0.7028769433114999,
                0.7113114666312379,
                724.0,
                0.0,
                0.0,
                0.0,
                1.0
            ],
            "fov": 20.0,
            "aspect": 1
        },
        {
            "camera_to_world": [
                0.7071067811865477,
                0.5029731615906968,
                -0.4970090529552341,
                -530.3300858899106,
                -0.7071067811865476,
                0.5029731615906969,
                -0.4970090529552342,
                -530.3300858899107,
                0.0,
                0.7028769433115,
                0.7113114666312379,
                724.0,
                0.0,
                0.0,
                0.0,
                1.0
            ],
            "fov": 20.0,
            "aspect": 1
        },
        {
            "camera_to_world": [
                0.49999999999999983,
                0.6160138001058191,
                -0.6087092886421137,
                -649.519052838329,
                -0.8660254037844387,
                0.35565573331561884,
                -0.3514384716557498,
                -374.9999999999999,
                0.0,
                0.7028769433114999,
                0.7113114666312379,
                724.0,
                0.0,
                0.0,
                0.0,
                1.0
            ],
            "fov": 20.0,
            "aspect": 1
        },
        {
            "camera_to_world": [
                0.25881904510252096,
                0.6870741161546674,
                -0.678926992247695,
                -724.4443697168011,
                -0.9659258262890682,
                0.1841009545639707,
                -0.18191793929246117,
                -194.11428382689073,
                0.0,
                0.7028769433114999,
                0.7113114666312379,
                724.0,
                0.0,
                0.0,
                0.0,
                1.0
            ],
            "fov": 20.0,
            "aspect": 1
        },
        {
            "camera_to_world": [
                1.2246467991473532e-16,
                0.7113114666312379,
                -0.7028769433114999,
                -750.0,
                -1.0,
                8.711053108067548e-17,
                -8.607759988209039e-17,
                -9.184850993605147e-14,
                0.0,
                0.7028769433114999,
                0.7113114666312379,
                724.0,
                0.0,
                0.0,
                0.0,
                1.0
            ],